event_id,y_true,dv24_kt,disp_km,bearing_fuel,bearing_sst_max,bearing_rh_max,bearing_shear_min
era5_1980_08_14_0600_1980226N15339,0,0.0,439.1672519417235,318.79652011480243,149.04754288816468,,
era5_1980_08_14_1200_1980226N15339,0,0.0,438.40029538857937,320.0352422079837,135.63212698284786,,
era5_1980_08_14_1800_1980226N15339,0,0.0,400.36581244959365,314.49264789810474,318.17398278494414,,
era5_1980_08_15_0000_1980226N15339,0,0.0,342.38863069893006,305.1606068304093,318.71012601765,,
era5_1980_08_15_0600_1980226N15339,0,-5.0,252.5551030390479,297.97390430454595,314.90440548190765,,
era5_1980_08_15_1200_1980226N15339,0,-5.0,189.9156002853106,260.27036209841657,312.06809082467146,,
era5_1980_08_15_1800_1980226N15339,0,-5.0,275.3913110865049,214.482571540234,273.71512231643095,,
era5_1980_08_16_0000_1980226N15339,0,-10.0,418.1150781372256,210.71931158398948,248.5211660533205,,
era5_1980_08_25_0000_1980238N16328,0,5.0,345.9505483498437,312.79447772200047,181.81414087167954,,
era5_1980_08_25_0600_1980238N16328,0,0.0,307.41398881978307,322.97576112800425,155.21746704502777,,
era5_1980_08_25_1200_1980238N16328,0,0.0,365.2061957214328,314.7961385508029,143.26077827542315,,
era5_1980_08_25_1800_1980238N16328,0,5.0,377.69282207411857,328.88764898469276,226.2852403481354,,
era5_1980_08_26_0000_1980238N16328,0,5.0,348.54085014528505,343.28886880853537,219.47063448142865,,
era5_1980_08_26_0600_1980238N16328,0,5.0,352.6512111106399,347.91200086881753,226.62472277090149,,
era5_1980_08_26_1200_1980238N16328,0,5.0,308.0966837572981,339.91819638636014,226.91841875928583,,
era5_1980_08_26_1800_1980238N16328,0,0.0,415.4408441437113,337.64139300889116,219.55364830111984,,
era5_1980_08_27_0000_1980238N16328,0,0.0,383.29953394600983,346.48908761602223,226.02822050173472,,
era5_1980_08_27_0600_1980238N16328,0,0.0,333.18137050801664,10.01410645472754,211.22832725206678,,
era5_1980_08_27_1200_1980238N16328,0,-5.0,396.95134351968466,24.212933648113847,191.11483476759287,,
era5_1980_08_27_1800_1980238N16328,0,-5.0,391.74611929689934,20.299851097538124,227.76888578302848,,
era5_1980_08_28_0000_1980238N16328,0,-10.0,276.50322036503627,9.778075625661188,221.17936378219144,,
era5_1980_09_08_1200_1980250N13341,0,20.0,233.50934595357313,0.0,238.25574723429895,,
era5_1980_09_08_1800_1980250N13341,0,0.0,170.05232359375742,341.52341172311964,230.3107091141097,,
era5_1980_09_09_0000_1980250N13341,0,-10.0,229.2256976501597,325.69167727800334,229.00848666662284,,
era5_1980_09_09_0600_1980250N13341,0,-10.0,203.16104453782808,307.1892538496183,220.604742163928,,
era5_1980_09_09_1200_1980250N13341,0,-15.0,248.05531192562592,312.4507067599354,213.81964063538473,,
era5_1980_09_09_1800_1980250N13341,0,-10.0,273.44380441704925,302.1667011984406,206.87011798831165,,
era5_1980_09_10_0000_1980250N13341,0,-5.0,281.5519683012382,296.02831064782947,198.81839925956788,,
era5_1980_09_10_0600_1980250N13341,0,0.0,280.5628683181101,286.4097802947236,226.12002111803164,,
era5_1980_09_10_1200_1980250N13341,0,5.0,204.86731619658593,271.7884168805511,226.10598933481944,,
era5_1980_09_10_1800_1980250N13341,0,5.0,204.42113057293852,273.3629470910963,235.10273318916214,,
era5_1980_09_11_0000_1980250N13341,0,-5.0,342.5250622234174,313.30396792394475,230.70958874617705,,
era5_1980_09_11_0600_1980250N13341,0,-10.0,326.6387361114801,313.2314604064967,226.267788223016,,
era5_1980_09_11_1200_1980250N13341,0,-10.0,306.3412456866297,302.11006329323214,222.54304610324786,,
era5_1980_09_11_1800_1980250N13341,0,-5.0,364.7177135252018,311.342778831851,218.07417027842877,,
era5_1980_09_12_0000_1980250N13341,0,0.0,299.707159825409,318.1916469606646,217.11014814357304,,
era5_1980_09_12_0600_1980250N13341,0,5.0,338.4084110890334,319.4128502828195,227.047621232784,,
era5_1980_09_12_1200_1980250N13341,0,10.0,298.5873709596654,316.8753718226359,225.5184463977449,,
era5_1980_09_12_1800_1980250N13341,0,10.0,264.94157653472075,307.80673663135997,225.76438481627872,,
era5_1980_09_13_0000_1980250N13341,0,10.0,206.3209891169288,332.9268305238366,224.84639267444217,,
era5_1980_09_13_0600_1980250N13341,0,5.0,186.7931476695479,329.82171153333695,220.27970178568546,,
era5_1980_09_13_1200_1980250N13341,0,0.0,183.05632401781563,325.2539375434982,226.60324371179945,,
era5_1980_09_13_1800_1980250N13341,0,0.0,214.21025900820499,319.0513761092591,218.08302336254766,,
era5_1980_09_14_0000_1980250N13341,0,0.0,137.04794630037878,346.864376578965,207.27452431220135,,
era5_1980_09_14_0600_1980250N13341,0,0.0,157.42528119205545,336.774894898204,226.73610933253363,,
era5_1980_09_14_1200_1980250N13341,0,0.0,147.18337507443724,335.1455767680213,226.06679721874616,,
era5_1980_09_14_1800_1980250N13341,0,0.0,247.2060811093325,328.95486934384274,225.08656994228042,,
era5_1980_09_15_0000_1980250N13341,0,0.0,146.41273129407682,341.7695760506081,225.25557487619767,,
era5_1980_09_15_0600_1980250N13341,0,0.0,148.89867783072305,333.7854440339409,325.47475580028464,,
era5_1980_09_15_1200_1980250N13341,0,0.0,131.38941317554784,346.7798305758002,305.8948093374908,,
era5_1980_09_15_1800_1980250N13341,0,0.0,94.30518821887887,57.77956787551585,294.91090955148957,,
era5_1980_09_16_0000_1980250N13341,0,0.0,112.9673603440397,112.94568052069133,275.70416386200054,,
era5_1980_09_16_0600_1980250N13341,0,-5.0,159.21308891151833,123.64444538092533,257.4940647069718,,
era5_1980_09_16_1200_1980250N13341,0,-10.0,201.58424511251877,142.8026867742281,241.97576250381888,,
era5_1980_09_16_1800_1980250N13341,0,-10.0,236.52029951873467,136.33421748596766,229.50860784759166,,
era5_1980_09_17_0000_1980250N13341,0,-10.0,251.6905740408837,151.74166215157652,223.47211116957635,,
era5_1980_09_17_0600_1980250N13341,0,-5.0,203.7055304292925,153.98400337610872,224.1264711948773,,
era5_1980_09_17_1200_1980250N13341,0,0.0,247.4173175744178,171.27729388295847,223.90438308347294,,
era5_1980_09_17_1800_1980250N13341,0,0.0,116.35332285413344,302.0315683451278,223.62030221594344,,
era5_1980_09_18_0000_1980250N13341,0,-5.0,228.48745293917995,319.47729072158364,222.43154689220702,,
era5_1980_09_18_0600_1980250N13341,0,-10.0,177.98043313794773,286.927073318099,215.0166488232346,,
era5_1980_09_18_1200_1980250N13341,0,-15.0,177.14636821606317,270.64509496361075,201.93130793613744,,
era5_1980_09_18_1800_1980250N13341,0,-15.0,172.91712779580064,261.3910922215829,218.27953826692016,,
era5_1980_09_19_0000_1980250N13341,0,-10.0,221.8865569323392,233.72181316789482,221.82832203657048,,
era5_1980_09_19_0600_1980250N13341,0,-10.0,384.6232560959421,220.98136766431986,220.78566964846772,,
era5_1980_09_19_1200_1980250N13341,0,-10.0,292.43780272709716,207.22602182088866,220.06936081768944,,
era5_1980_09_19_1800_1980250N13341,0,-15.0,438.52403654673844,215.56600393514756,223.00541104273245,,
era5_1980_09_20_0000_1980250N13341,0,-20.0,291.3826234339303,213.62141541708624,230.05511127213884,,
era5_1981_08_13_0600_1981225N16249,0,0.0,192.72059096527974,191.2761236361031,46.77386682959042,,
era5_1981_08_13_1200_1981225N16249,0,0.0,262.26598860391624,143.4666610929262,48.49039581015461,,
era5_1981_08_13_1800_1981225N16249,0,10.0,357.3756926124485,89.46331868922351,41.78260803923604,,
era5_1981_08_14_0000_1981225N16249,0,10.0,383.8253998630821,86.99361242071103,45.46017097366183,,
era5_1981_08_14_0600_1981225N16249,0,10.0,396.8284660751451,98.7650231707787,49.591629989743296,,
era5_1981_08_14_1200_1981225N16249,0,20.0,371.86790175527216,98.95762070569958,55.718960164692135,,
era5_1981_08_14_1800_1981225N16249,0,10.0,339.0563257194667,69.39141682145214,199.84160225204727,,
era5_1981_08_15_0000_1981225N16249,0,10.0,355.54955353734584,77.75288331214517,188.008363895202,,
era5_1981_08_15_0600_1981225N16249,0,15.0,177.88635563176916,5.765485077838264,174.97721498815133,,
era5_1981_08_15_1200_1981225N16249,0,5.0,108.8454510384375,13.909196983805998,215.48369495957843,,
era5_1981_08_15_1800_1981225N16249,0,0.0,53.78971381175528,336.7363070735338,179.456871914712,,
era5_1981_08_16_0000_1981225N16249,0,-5.0,78.6748194828089,93.92538672348138,165.85314295963997,,
era5_1981_08_16_0600_1981225N16249,0,-10.0,197.1460661560901,124.73073386987721,152.67250117094636,,
era5_1981_08_16_1200_1981225N16249,0,-10.0,223.18615245658913,110.06906929689342,144.11669248049031,,
era5_1981_08_16_1800_1981225N16249,0,-15.0,139.46546749168957,167.23830788795,135.23570594395335,,
era5_1981_08_17_0000_1981225N16249,0,-10.0,325.69951833622747,232.4966818186271,130.84721882905706,,
era5_1981_08_17_0600_1981225N16249,0,-5.0,399.3916963208703,225.32389091139564,125.0270969260078,,
era5_1981_08_17_1200_1981225N16249,0,-5.0,354.57411647140793,234.99804422835203,136.23356270305788,,
era5_1981_08_17_1800_1981225N16249,0,5.0,402.1284557153852,239.69734499416612,136.37096698145922,,
era5_1981_08_18_0000_1981225N16249,0,10.0,369.01346240328945,236.58065362456637,135.5079075157986,,
era5_1981_08_18_0600_1981225N16249,0,0.0,319.82915480382417,243.25106540126095,225.29432252772142,,
era5_1981_08_18_1200_1981225N16249,0,0.0,309.05309298677537,250.4475738374784,216.0575274287186,,
era5_1981_08_18_1800_1981225N16249,0,0.0,273.28771993316917,315.77191862603405,207.90761969375774,,
era5_1981_08_19_0000_1981225N16249,0,5.0,229.57469797133697,290.14428224155273,174.78473691878844,,
era5_1981_08_19_0600_1981225N16249,0,25.0,317.9032301188446,268.35946031315666,160.66942277166686,,
era5_1981_08_19_1200_1981225N16249,0,25.0,331.4237028391435,306.3594623886649,148.7057775712077,,
era5_1981_08_19_1800_1981225N16249,0,10.0,262.5546751665263,350.78323920941625,139.22791885703555,,
era5_1981_09_06_1800_1981247N16300,0,5.0,29.551418422707698,19.810617527306192,220.09343894784507,,
era5_1981_09_07_0000_1981247N16300,0,-5.0,73.81305020777255,191.7435473966445,206.05088221253843,,
era5_1981_09_07_0600_1981247N16300,0,-10.0,100.75390891170007,236.7037878654277,200.79090131505296,,
era5_1981_09_07_1200_1981247N16300,0,-15.0,177.37183326459567,224.1623674361753,201.0982548454952,,
era5_1981_09_07_1800_1981247N16300,0,-40.0,202.27167409436734,224.73662339378768,205.03887190326753,,
era5_1981_09_08_0000_1981247N16300,0,-45.0,253.4900918459874,224.075318635157,143.93011244821463,,
era5_1981_09_08_0600_1981247N16300,0,-45.0,238.5335027293194,210.72700990459228,138.04723546394564,,
era5_1981_09_08_1200_1981247N16300,0,-40.0,254.1931917096232,200.09496940129776,136.44366140428974,,
era5_1981_09_08_1800_1981247N16300,0,-20.0,285.9198529470803,166.2897427843742,148.84051510397927,,
era5_1981_09_09_0000_1981247N16300,0,-10.0,309.51456973646737,161.91399034598703,164.09168333528964,,
era5_1981_09_09_0600_1981247N16300,0,-5.0,328.05873442533255,180.83489497113092,180.53369062244363,,
era5_1981_09_09_1200_1981247N16300,0,-5.0,341.0964548140834,163.81056725136682,143.06075866862443,,
era5_1981_09_09_1800_1981247N16300,0,0.0,343.66131097854935,154.52987449868124,143.16363383648218,,
era5_1981_09_10_0000_1981247N16300,0,0.0,276.35190321224195,154.52696227514036,162.03687833978233,,
era5_1981_09_10_0600_1981247N16300,0,0.0,290.4780500959919,174.3488869977831,189.76289171458234,,
era5_1981_09_10_1200_1981247N16300,0,0.0,278.61560948997413,176.09634395046112,213.41946636592067,,
era5_1981_09_10_1800_1981247N16300,0,0.0,222.58524993143104,182.42856589581316,223.80073152022464,,
era5_1981_09_11_0000_1981247N16300,0,0.0,224.95581358164065,152.53713291087047,222.37048127593695,,
era5_1981_09_11_0600_1981247N16300,0,0.0,251.73423500772546,186.4363852427887,223.3702745628695,,
era5_1981_09_11_1200_1981247N16300,0,-5.0,222.43703783002596,181.19452911653798,223.08925715064893,,
era5_1981_10_29_1200_1981303N25313,0,10.0,166.792389966838,0.0,214.9109497097144,,
era5_1981_10_29_1800_1981303N25313,0,5.0,274.8838608732965,150.13100093851614,193.64824855604317,,
era5_1981_10_30_0000_1981303N25313,0,0.0,315.5496389710105,149.33028294948718,184.48498977187097,,
era5_1981_10_30_0600_1981303N25313,0,5.0,356.13328235714414,177.57601564446088,194.73845148430115,,
era5_1981_10_30_1200_1981303N25313,0,10.0,345.26232107023174,176.69377534133594,223.9908145291762,,
era5_1981_10_30_1800_1981303N25313,0,10.0,383.62249692372745,180.0,193.5291503289965,,
era5_1981_10_31_0000_1981303N25313,0,5.0,180.8272823588923,207.13476567274398,181.09678768131613,,
era5_1981_10_31_0600_1981303N25313,0,0.0,269.5914101353549,210.34071235437432,189.4661187843388,,
era5_1981_10_31_1200_1981303N25313,0,-10.0,312.85875093838234,270.86229592719224,221.0534461558686,,
era5_1981_10_31_1800_1981303N25313,0,-15.0,396.4203085336696,312.0950678016185,215.615066341016,,
era5_1981_11_01_0000_1981303N25313,0,-15.0,305.29078830603765,303.86205768726916,223.59913404805334,,
era5_2020_06_23_0000_2020174N39293,0,5.0,200.19503344535437,236.84856221132168,256.1754183053546,191.8906765755737,303.6052687064258
era5_2020_07_20_1200_2020203N09323,0,5.0,86.15333078649812,296.9097076823727,246.67768878903019,155.44650020749646,7.452268629447246
era5_2020_07_20_1800_2020203N09323,0,5.0,169.87022985305708,306.19184473131327,252.45086286466199,52.04944544003621,346.05892471538016
era5_2020_07_21_0000_2020203N09323,0,5.0,106.70667273489447,152.3116870465699,246.51602179220612,245.08940907524158,332.8528931639476
era5_2020_07_21_0600_2020203N09323,0,10.0,218.68553701427365,156.1834396570099,242.63224838891844,110.71197246655612,313.8065673272302
era5_2020_07_21_1200_2020203N09323,0,15.0,259.77144805962655,146.48739366422774,234.60616910839383,113.3726910763915,299.2996398635109
era5_2020_07_21_1800_2020203N09323,0,15.0,59.15807692590985,112.03963754892328,233.6043180028686,346.834701498187,241.75582120786015
era5_2020_07_22_0000_2020203N09323,0,20.0,179.65883904440946,318.0598504654264,235.2727347545882,298.33685826997834,17.871934037302083
era5_2020_07_22_0600_2020203N09323,0,20.0,106.90243301854049,8.817744477757856,230.82786233723533,267.45261386328275,42.02313348547017
era5_2020_07_22_1200_2020203N09323,0,15.0,294.20509318485955,349.3645795594479,221.63970573077668,247.99740392062887,348.7143471396691
era5_2020_07_22_1800_2020203N09323,0,5.0,398.50525017531567,339.31177014913106,209.2281298587816,280.50619967551205,328.0540134083144
era5_2020_07_23_0000_2020203N09323,0,0.0,378.19183284282917,350.1068147537249,189.95201989919755,315.4427807021677,277.95284681921703
era5_2020_07_23_0600_2020203N09323,0,-5.0,379.8309650005749,345.1160322928133,169.44019760620745,277.2615605693669,63.78409413135694
era5_2020_08_25_1800_2020239N15243,0,10.0,298.2290111784647,158.6461187907089,38.5634547845533,173.81298190791142,45.89216347123295
era5_2020_08_26_0000_2020239N15243,0,10.0,237.46170824971188,169.48190714594534,33.67484658219661,94.45141977351727,28.467738890372118
era5_2020_08_26_0600_2020239N15243,0,10.0,244.6882520936654,178.73109051195593,32.93156209923552,219.7501683061289,49.68080449848122
era5_2020_08_26_1200_2020239N15243,0,10.0,203.6692985609148,169.29011335706957,29.28188201993703,218.93226412349975,37.49214270402922
era5_2020_08_26_1800_2020239N15243,0,10.0,169.88314847354465,169.01510199562563,22.837455823157313,169.01510199562563,41.524033606477985
era5_2020_08_27_0000_2020239N15243,0,10.0,154.19301296523486,159.56679352749745,41.27402803853488,290.7054217164113,32.21064273783844
era5_2020_08_27_0600_2020239N15243,0,10.0,162.82817687685608,152.49806955527106,43.276522899994006,223.94111886247728,297.7094766110435
era5_2020_08_27_1200_2020239N15243,0,10.0,196.45126512791796,164.1329854778794,45.93573978806779,214.49745285650044,20.18182979424614
era5_2020_08_27_1800_2020239N15243,0,0.0,187.34441203764865,161.66269210708754,49.459250570753454,78.15691556186732,23.097579763116528
era5_2020_08_28_0000_2020239N15243,0,0.0,261.8084140033629,143.59081585625438,53.63689017241364,75.46174684381168,5.834965244809439
era5_2020_08_28_0600_2020239N15243,0,-10.0,275.75869400990786,141.60621980737528,58.85308835695844,65.18348692266824,20.603948068720058
era5_2020_08_28_1200_2020239N15243,0,-10.0,299.92542703937585,164.45262933485662,68.34482163777545,59.79985401348125,346.6258060314339
era5_2020_08_28_1800_2020239N15243,0,-5.0,244.69504836626965,142.46197016988515,80.65306831541324,46.603380779990744,1.9858268878772378
era5_2021_09_21_0000_2021259N30286,0,-5.0,476.7723789158302,217.58041397128414,205.98005379545017,54.770069865793005,87.57020231165268
era5_2021_09_21_0600_2021259N30286,0,-5.0,447.6644499498175,232.05612236542794,176.18740854754265,44.97574537643209,158.1042608285237
era5_2021_09_21_1200_2021259N30286,0,0.0,399.51471344268793,239.34679579072463,193.1564441996127,7.931629895513197,321.69013041532133
era5_2021_09_21_1800_2021259N30286,0,-5.0,394.24866711703714,238.82328814139603,214.73350812952975,95.3295892997699,329.26436628038067
era5_2021_09_22_0000_2021259N30286,0,-5.0,329.5150209400728,252.47666701692762,219.4490117287732,325.9040542232048,326.1579501764245
era5_2021_09_22_0600_2021259N30286,0,-5.0,288.99703210650176,286.73237643739236,221.21694914933644,269.96774533807934,108.7294045750046
era5_2021_09_22_1200_2021259N30286,0,-5.0,380.64763745014466,237.562560389665,221.38096841723873,131.04049485328585,31.525234867092024
era5_2021_09_22_1800_2021259N30286,0,-5.0,397.3124798357688,226.7806127946655,206.85128362020114,207.3493614285365,291.09383635417396
era5_2021_09_23_0000_2021259N30286,0,-5.0,460.481108955806,217.14773054696778,199.06789540807273,341.4100538280379,221.0784190259126
era5_2021_09_23_0600_2021259N30286,0,-5.0,406.9606681338715,217.31196631395656,193.430605710549,222.80721421519274,233.535905838277
era5_2021_09_23_1200_2021259N30286,0,-5.0,394.7707352459564,209.98278561570484,188.12892071303463,160.50185980642232,120.11294610821858
era5_2021_09_23_1800_2021259N30286,0,0.0,442.434259916839,214.9965233256091,192.674033437138,69.71519408095685,123.86988684615892
era5_2021_09_24_0000_2021259N30286,0,0.0,467.0979462661142,223.7726785947375,199.50189241747597,9.598690477239984,98.52073251282502
era5_2021_09_24_0600_2021259N30286,0,0.0,475.47044350714003,224.91656901429047,202.89776209069308,326.73231709577806,173.15967500189447
era5_2021_09_24_0600_2021267N31298,0,5.0,313.9954226858389,54.761828599508476,208.01293562744118,0.0,54.54621349252773
era5_2021_09_24_1200_2021259N30286,0,0.0,457.148127202163,227.48516401835968,209.71114850634686,193.08451632164906,119.34634070916991
era5_2021_09_24_1200_2021267N31298,0,-5.0,291.6731753332593,48.94515720614885,213.82635784392934,346.41100873784785,90.3894197752054
era5_2021_09_24_1800_2021259N30286,0,0.0,413.9471324435801,239.84636307611794,220.6796131365317,165.45377147094473,153.0758359264421
era5_2021_09_24_1800_2021267N31298,0,-10.0,364.29097732748994,35.35357924971106,207.14841631050464,79.05660686052045,71.06502878010639
era5_2021_09_25_0000_2021259N30286,0,0.0,407.02315978026957,245.51863269484477,220.8260416773463,154.38196421919997,131.69795431433568
era5_2021_09_25_0000_2021267N31298,0,-10.0,404.92239894399626,29.47402554724806,219.50113210222995,68.91012603410718,43.470230828735794
era5_2021_09_25_0600_2021259N30286,0,-5.0,377.39988407163463,257.7540715619752,203.53680595035308,120.97809831927646,128.2815921110389
era5_2021_09_25_0600_2021267N31298,0,-5.0,433.6760742101242,27.154116201946692,214.5637813054262,54.84418783469505,180.0
era5_2021_09_25_1200_2021259N30286,0,-5.0,371.45185700047597,264.455659853853,206.235297819527,139.19562429060488,237.40988209874868
era5_2021_09_25_1200_2021267N31298,0,-5.0,442.34650071548003,29.1569928840579,216.70535747455602,347.17196263732717,166.26981496082522
era5_2021_09_25_1800_2021259N30286,0,-5.0,345.1980962510753,274.87675368887693,204.0597041382554,142.11083900512023,124.03580467429907
era5_2022_07_07_0000_2022179N08310,0,5.0,95.11708944349554,173.53949932290936,42.32719256841955,65.84683351872906,229.79750946174087
era5_2022_07_07_0600_2022179N08310,0,-5.0,102.32298528534727,192.05966582163936,40.81362517847106,309.19913234162055,233.29896847656892
era5_2022_07_07_1200_2022179N08310,0,-15.0,123.4177716650805,231.0315349354711,127.68368082289089,285.45687611894715,208.941262602418
era5_2022_07_07_1800_2022179N08310,0,-30.0,197.87931142742855,212.69889932526166,230.99324614946102,316.47267980623496,212.05878887021345
era5_2022_07_08_0000_2022179N08310,0,-35.0,210.53207478275365,236.56670164206588,152.06911791391985,227.16606740393271,216.22406365269146
era5_2022_07_08_0600_2022179N08310,0,-30.0,148.4737011397162,248.20826820208822,138.99735024735685,244.5554594846481,189.32354669041982
era5_2022_07_08_1200_2022179N08310,0,-25.0,136.42797253576356,248.66946826100525,182.37210630724195,243.67430422530347,146.15451054666187
era5_2022_07_08_1800_2022179N08310,0,-15.0,263.87672575663186,274.0236950056062,160.63601188846974,195.65183143144668,190.05472417350194
era5_2022_07_09_0000_2022179N08310,0,-15.0,288.8376710837031,281.5409187296126,141.96541207873827,220.5114280760553,129.11140637654103
era5_2022_07_09_0600_2022179N08310,0,-10.0,346.5192501144797,271.462500455472,135.55053096298087,229.22347772052743,126.81931908131469
era5_2022_07_09_1200_2022179N08310,0,-10.0,292.15791639359315,301.32449920800747,141.05570354306042,202.86501537794643,216.33715487200323
era5_2022_07_09_1800_2022179N08310,0,-15.0,264.0144971745367,302.13225671221016,143.5370495436391,270.0667616127896,41.0835161877057
era5_2022_07_10_0000_2022179N08310,0,-10.0,290.99058703926653,262.7729405442521,148.96137901598172,218.26801267591642,131.13809608914215
era5_2022_07_27_1200_2022209N16246,0,15.0,272.3089086102911,271.5259938849359,225.3427234394097,235.2856156170461,23.996190743983504
era5_2022_07_27_1800_2022209N16246,0,10.0,112.21372926091999,267.3072746958441,215.8739601019217,240.48601387829433,8.19723105744879
era5_2022_07_28_0000_2022209N16246,0,5.0,147.70420413120206,250.3778800691294,131.30766496840408,193.51322584741993,10.516638112104772
era5_2022_07_28_0600_2022209N16246,0,5.0,238.95553337114143,246.9802462604979,123.66252975991915,184.59127214620028,2.1848334485861756
era5_2022_07_28_1200_2022209N16246,0,5.0,196.83754750849053,225.25367230983784,118.19833592333106,210.04613174479894,8.29611805070192
era5_2022_07_28_1800_2022209N16246,0,0.0,162.22427528272016,224.10937707095079,120.99256174605046,264.67825630277696,16.95407655275818
era5_2022_07_29_0000_2022209N16246,0,0.0,166.35163691284652,222.80756066660663,119.12431652197273,149.9423327444556,341.0580100179926
era5_2022_07_29_0600_2022209N16246,0,-5.0,39.28498993123916,7.8286408417450275,128.19467929444596,324.23062943636654,352.7478683864525
era5_2022_07_29_1200_2022209N16246,0,-5.0,78.22716689862595,304.72966811876705,121.6761149227321,296.1185094370095,358.1208684118032
era5_2022_07_29_1800_2022209N16246,0,0.0,66.3068873785152,306.00497352666974,141.46515377282674,258.4072792606112,343.91995693531265
era5_2022_07_30_0000_2022209N16246,0,0.0,139.1210905209828,316.1156498138217,121.18369911033881,227.9527161701739,332.05367570329327
era5_2022_07_30_0600_2022209N16246,0,-5.0,209.79900662955885,320.37950287797315,111.25331930682205,180.0,45.00774552374247
era5_2022_07_30_1200_2022209N16246,0,-10.0,182.55293958354756,319.7234837491968,107.79224813269542,89.98185584807368,47.55507807679032
era5_2022_07_30_1800_2022209N16246,0,-15.0,89.2758835691828,104.33019712012174,111.58424937240966,139.3884984282143,38.689170919529886
era5_2022_07_31_0000_2022209N16246,0,-15.0,526.366833666998,142.0761580347152,112.65271428970527,154.1592363897579,340.50261027275894
era5_2022_07_31_0600_2022209N16246,0,-10.0,463.29803027509826,136.74672407114917,118.08697500518105,151.27474210294764,11.19475690649756
era5_2022_07_31_1200_2022209N16246,0,-5.0,250.42507530828738,182.5008633028922,111.06141059788524,138.00106376291808,45.68227666132299
era5_2022_07_31_1800_2022209N16246,0,0.0,362.30549540883436,149.0679640115785,107.11867581813732,154.36476951926375,314.6430788869867
era5_2022_08_01_0000_2022209N16246,0,0.0,329.70128311934,155.46038696669075,103.98045067691976,226.7781763913289,32.166136371799325
era5_2022_08_01_0600_2022209N16246,0,0.0,339.53865941535753,177.22370225550162,105.46097119726642,221.71888774336347,46.0665795455007
era5_2022_08_01_1200_2022209N16246,0,0.0,166.88085157355377,178.12892751720437,107.213539213084,218.46105471881518,11.54968724686546
era5_2022_08_01_1800_2022209N16246,0,0.0,294.18359033946524,169.28708759686378,108.50496868728925,217.59395405424266,257.85018373178957
era5_2022_08_02_0000_2022209N16246,0,0.0,318.11496255496996,168.09462433842032,107.59046670656272,204.89868334876329,352.58074290684294
era5_2022_08_02_0600_2022209N16246,0,0.0,237.5105379361936,169.4234563024272,111.66264653077087,148.85778116518281,15.426391323109101
era5_2022_08_02_1200_2022209N16246,0,0.0,186.57532306354742,146.43980435837875,117.09761434275106,99.24760370797799,65.45067221511749
era5_2022_08_02_1800_2022209N16246,0,0.0,143.55631246990617,120.08903156608409,124.25502779345237,187.3711824779933,2.878639891561704
era5_2022_08_03_0000_2022209N16246,0,0.0,85.26043933330374,108.93233248859366,130.02210583313092,228.5214635925212,339.9449248668807
era5_2022_08_03_0600_2022209N16246,0,0.0,43.58513384993617,120.63280963068974,137.64257239842948,227.66868507259213,321.02001029780365
era5_2022_08_03_1200_2022209N16246,0,0.0,75.36954699647706,196.49871226605026,131.12601315450308,82.17148516153713,262.90891109097197
era5_2022_08_03_1800_2022209N16246,0,0.0,182.40666534218622,207.99654395076942,135.34580096540776,69.06599317457648,264.4738558778988
era5_2022_08_04_0000_2022209N16246,0,0.0,174.6615132366638,245.7836296191603,138.04665080669184,0.0,251.62349524304312
era5_2022_08_04_0600_2022209N16246,0,-5.0,281.6346093954276,257.8628738965274,136.3635043766385,21.67054833328615,127.8497049936368
era5_2022_08_04_1200_2022209N16246,0,-5.0,259.72665793200315,213.61060441323633,140.9039189443547,331.74863988932964,251.11175749522155
era5_2022_08_31_1200_2022244N38313,0,10.0,150.17205387609573,337.95223848929066,201.9426190279994,150.76730606294495,250.56921376776282
era5_2022_08_31_1800_2022244N38313,0,20.0,230.4357436200369,340.4908304646374,181.50307684931792,153.11352564392212,255.68969236651515
era5_2022_09_01_0000_2022244N38313,1,30.0,197.6472795996099,350.0351322795906,209.2579244273479,126.38669855872092,287.1594524349056
era5_2022_09_01_0600_2022244N38313,1,30.0,47.77949877974264,21.362536818422313,211.78750450093742,109.92250071719053,182.96498339102908
era5_2022_09_01_1200_2022244N38313,1,30.0,11.950368633755199,158.4932125364885,214.65986663933222,95.17827117983074,256.0034047995249
era5_2022_09_01_1800_2022244N38313,0,20.0,44.68794903882505,51.409781334844126,217.95329462825768,89.49205748483206,222.64055075028918
era5_2022_09_02_0000_2022244N38313,0,10.0,17.22289019967302,310.2584861162942,222.05144688394478,84.97652648417147,240.06218059078864
era5_2022_09_02_0600_2022244N38313,0,0.0,18.436469872058534,252.5098086918,221.51181586410738,76.10690946092166,274.45032261422915
era5_2022_09_02_1200_2022244N38313,0,-5.0,61.08482999351581,325.12273107509776,221.21064534401273,21.356737653141806,144.72428983615248
era5_2022_09_02_1800_2022244N38313,0,-5.0,88.38430641920304,277.5347176108451,222.654178337615,10.014757595375556,171.23403306016087
era5_2022_09_03_0000_2022244N38313,0,0.0,104.36374728343868,285.8023783512067,221.43450875220634,28.690366097290394,168.66552963290076
era5_2022_09_03_0600_2022244N38313,0,10.0,129.84525143986457,282.80903597089133,221.7361375766752,72.83716265863654,170.5717619205874
era5_2022_09_03_1200_2022244N38313,0,10.0,138.4021279280671,282.06458489763673,222.33219139349393,125.00005089897508,309.1781726097448
era5_2022_09_03_1800_2022244N38313,0,15.0,122.67076035863322,270.43097634784704,219.88970493368728,289.7259629715401,52.21915687890089
era5_2022_09_04_0000_2022244N38313,0,10.0,153.84444512688174,274.68255439260724,216.16207184889097,222.67176607309116,135.72347594828784
era5_2022_09_04_0600_2022244N38313,0,5.0,150.2400540939397,264.14788674741294,214.00402103950933,165.08629387056635,222.35405101956275
era5_2022_09_04_1200_2022244N38313,0,5.0,188.25787168228035,258.71633100407126,212.15563450953442,110.74394782329983,215.69445695794505
era5_2022_09_04_1800_2022244N38313,0,0.0,213.89912876684468,250.9635189283249,222.79068385424935,42.09957393910548,219.06454787425267
era5_2022_09_05_0000_2022244N38313,0,-5.0,181.14775311958195,254.58912400484104,158.23960582065638,86.67403562878599,209.99456000927128
era5_2022_09_05_0600_2022244N15254,0,0.0,532.7057093097436,306.8245668653239,136.2413110888183,266.3097086684664,119.99875574704924
era5_2022_09_05_0600_2022244N38313,0,-10.0,201.7930369787042,247.98905031837523,222.83736616078414,26.04965196783479,193.8312880158807
era5_2022_09_05_1200_2022244N15254,0,0.0,524.8556019377693,307.42042178314574,137.1799086336007,257.20329653354236,116.82823503230168
era5_2022_09_05_1200_2022244N38313,0,-10.0,141.08708775991246,275.0497307745955,221.38823434012244,37.17918530946832,148.38709474800794
era5_2022_09_05_1800_2022244N15254,0,0.0,526.4131143779056,311.100054692883,135.93417609162276,232.72125177712672,32.4224778951762
era5_2022_09_05_1800_2022244N38313,0,-10.0,97.7972363700723,263.84547067294204,237.13340426547586,300.71138633984555,134.8904663007449
era5_2022_09_06_0000_2022244N15254,0,0.0,544.8571162240269,311.02862479230146,137.72307969148335,215.71389423290958,113.50887243827162
era5_2022_09_06_0000_2022244N38313,0,-5.0,160.02561787713964,278.6157120791937,232.5853981701269,93.09815130998084,115.1006215267405
era5_2022_09_06_0600_2022244N38313,0,5.0,210.37082806211305,261.7086849682383,228.79585568514796,58.45963501709582,93.60006848127728
era5_2022_09_06_1200_2022244N38313,0,5.0,226.72912519874836,261.0205577192902,227.98557156359004,265.1797471081548,118.0046988193684
era5_2022_09_06_1800_2022244N38313,0,5.0,208.77129850688758,261.64631621981505,226.70315389400588,79.2599471496959,124.78300912738666
era5_2022_09_07_0000_2022244N38313,0,0.0,214.5250478343149,278.3243385089935,225.79576354674444,27.415336688823515,131.1180132702974
era5_2022_09_07_0600_2022244N38313,0,-10.0,297.2543223703124,273.38659654401033,188.65856282253998,21.397038420340834,148.5716887526466
era5_2022_09_07_1200_2022244N38313,0,-15.0,231.66206210565286,284.8509106323042,196.5295546883657,67.25953444814309,140.490825410517
era5_2022_09_07_1800_2022244N38313,0,-15.0,138.84633686768808,251.89338995661825,213.229270284538,82.3576021437251,128.3254537957617
era5_2022_09_08_0000_2022244N38313,0,-10.0,122.46119463937796,240.51907175314517,187.68303477078697,92.40786982514368,215.08153084649632
era5_2022_09_08_0600_2022244N38313,0,-10.0,237.9614056477013,218.06974146197584,202.65925965333707,355.12743312135444,158.94376022905737
era5_2022_09_08_1200_2022244N38313,0,-5.0,182.66436794686066,241.62824526201285,191.7475980502123,270.7727076732678,142.48963443786505
era5_2022_09_08_1800_2022244N38313,0,-10.0,234.2839373050182,250.25215984315912,225.9256789152747,298.2247797314746,155.69733432539522
era5_2022_09_09_0000_2022244N38313,0,-10.0,259.89487810239063,257.7267555804879,217.05428522136498,261.4857520427263,110.89649299448831
era5_2022_09_09_0600_2022244N38313,0,-5.0,314.4588567447005,261.5269553826373,216.15287365559723,246.59005784696927,152.02491654001187
era5_2022_09_09_1200_2022244N38313,0,-10.0,371.58699538970075,232.64485182352962,213.50910450323713,188.17392912976058,220.84554333571134
era5_2022_09_09_1800_2022244N38313,0,-5.0,351.3325657037473,242.2266502520677,192.09418476687222,146.31865939864315,75.34291282019547
era5_2022_09_10_0000_2022244N38313,0,-5.0,306.6774839665025,254.58244277509257,213.14274014904487,105.90509756051966,40.556634473769975
era5_2022_09_10_0600_2022244N38313,0,-10.0,397.1392585641814,230.2195086593627,184.88041891794526,72.74256149562825,10.543163330353707
era5_2022_09_10_1200_2022244N38313,0,-5.0,476.2627918053957,217.57764245991024,209.83805568233743,11.179472000160217,87.53465167571949
era5_2022_09_10_1800_2022244N38313,0,-5.0,519.8119056432765,219.03826776067947,219.29103004174075,129.08355077147797,36.405452959249374
era5_2022_09_19_1200_2022263N29314,0,5.0,130.93216191024496,74.9267145177962,268.5521257711428,10.790065126801778,260.2786241130855
era5_2022_09_19_1800_2022263N29314,0,10.0,31.076800696816445,110.89153525575443,242.83406658346024,318.55952388138365,246.15296869520398
era5_2022_09_20_0000_2022263N29314,0,20.0,110.27503542947956,113.52205030586452,253.20247980602048,19.85068835000152,190.44519321771355
era5_2022_09_20_0600_2022263N29314,1,30.0,160.31744312942445,136.44516750268338,243.75503432455156,32.153979389309654,183.73830039690625
era5_2022_09_20_1200_2022263N29314,0,25.0,183.64738460213448,126.84967987402638,231.8428799551154,356.89210287776456,191.80893644939636
era5_2022_09_20_1800_2022263N29314,0,20.0,181.08158055323133,139.78961887274005,223.20917629088007,321.13161934548,190.42856663336823
era5_2022_09_21_0000_2022263N29314,0,10.0,221.77709561755623,138.3092037993041,219.0285497900407,6.13704199537915,203.60084212622138
era5_2022_09_21_0600_2022263N29314,0,0.0,243.71870054407495,149.69420183199657,222.36374426812793,4.097613017186063,212.02989401836467
era5_2022_09_21_1200_2022263N29314,0,0.0,135.30071479175902,160.7755281578502,192.7009467897903,30.172131685723798,212.50915299344337
era5_2022_09_21_1800_2022263N29314,0,0.0,178.7774185800413,174.2977422358856,201.63480636695476,27.40447175259311,211.64110899598873
era5_2022_09_22_0000_2022263N29314,0,0.0,56.270006544857985,217.90027312606023,193.9338010833892,21.81233861637355,137.76676714583851
era5_2022_09_22_0600_2022263N29314,0,0.0,122.31441930901478,180.0,210.819861409972,18.709695557321595,154.7948849292468
era5_2022_09_22_1200_2022263N29314,0,0.0,208.44026978907337,344.01660304693297,211.01323428048875,44.340536934916315,155.56760066880213
era5_2022_09_22_1800_2022263N29314,0,-5.0,309.370801458673,334.5139582666296,217.28865403679487,47.379023160970405,220.42231960920282
era5_2022_09_23_0000_2022263N29314,0,-10.0,260.307800909015,337.107864151449,220.41918756544348,48.74894503127547,187.24939417250553
era5_2022_09_24_1200_2022263N29314,0,5.0,229.16047186493685,279.17514942169015,207.34911799774588,104.20672998331543,207.02080088133874
era5_2022_09_24_1800_2022263N29314,0,-5.0,263.3265558522597,310.0295189125097,222.62664935557768,89.33811568688316,174.95679416753217
era5_2022_09_25_0000_2022263N29314,0,-10.0,216.03988116873552,314.57638205105604,188.15440679771638,5.469843535092423,160.69521418861996
era5_2022_09_25_0600_2022263N29314,0,-10.0,171.49052596852735,315.94072257356027,168.91218292090332,339.845451782471,222.40854029714916
era5_2022_09_25_1200_2022263N29314,0,-15.0,105.54226399442268,333.75094630418636,222.45849664738918,139.67460526745896,126.57767919755906
era5_2022_09_25_1800_2022263N29314,0,-10.0,124.33828394374785,340.044252073135,218.8307167511801,164.73660753171907,152.03107535605704
era5_2022_09_26_0000_2022263N29314,0,-5.0,104.00590788823871,318.7019527076294,221.78533164688594,138.29487134938188,140.33742622112572
era5_2022_09_26_0600_2022263N29314,0,-5.0,137.51302485890736,233.05394364752044,221.87448517000982,106.96869246332739,37.81744839319373
era5_2022_09_26_1200_2022263N29314,0,-5.0,126.07221118630143,249.76010746633955,216.70294216468585,124.1179518321797,22.737939371452683
era5_2022_09_26_1800_2022263N29314,0,-5.0,250.36358313329055,265.78452894904086,211.01254413204794,119.27704113801241,29.30522252285442
era5_2022_10_03_0600_2022276N15249,0,5.0,90.10668516267722,143.26995923717413,313.75636809530243,252.82337335934844,37.81196550355634
era5_2022_10_03_1200_2022276N15249,0,5.0,36.238853852854554,242.63592784899245,306.6416609973964,259.104097542904,32.94457740001445
era5_2022_10_03_1800_2022276N15249,0,5.0,232.12604957255988,302.0570938655906,40.144558598169056,279.9162818103661,268.94595692259713
era5_2022_10_04_0000_2022276N15249,0,0.0,139.0813829805224,274.76953364077156,41.79331702653667,280.81242959805945,56.358919424305896
era5_2022_10_04_0600_2022276N15249,0,-5.0,161.13080730998192,278.15074776677204,41.4105446093962,285.68210069647495,65.9662438815086
era5_2022_10_04_1200_2022276N15249,0,-5.0,143.48791857240136,272.4203888499951,38.63668332430626,328.7948658654392,75.96266221226222
era5_2022_10_04_1800_2022276N15249,0,-15.0,217.3983483948658,270.30825335569915,40.6745756246238,295.5811094271541,237.8400973871174
era5_2022_10_05_0000_2022276N15249,0,-10.0,240.73201528692292,262.37705533580055,41.1926337150976,292.8760109980643,234.02310842079396
era5_2022_10_05_0600_2022276N15249,0,-5.0,316.3866532977824,253.05499116391584,40.83106987858622,327.6651877362466,128.21699486060243
era5_2022_10_06_0000_2022276N15249,0,0.0,172.12784151231935,281.4257664774979,132.29429397387014,230.39568772635027,153.50089038977023
era5_2022_10_06_0600_2022276N15249,0,-5.0,227.5741605237217,267.5328233967415,130.14005499765858,226.45067304383898,175.97689363437053
era5_2022_10_06_1200_2022276N15249,0,-5.0,248.69518316719,267.80186818810415,128.21699486060243,226.07162141765065,175.4043881681522
era5_2023_06_20_0000_2023170N11323,0,10.0,344.1080606250157,330.9111381049933,144.33831161642513,238.04923668393246,96.3453475366598
era5_2023_06_20_0600_2023170N11323,0,15.0,346.3200682148309,332.16212884556535,129.809393863762,116.97293210119022,98.67785791471692
era5_2023_06_20_1200_2023170N11323,0,15.0,311.93383196345,335.49724523803206,233.25976426531446,98.79453086987985,9.259077071076149
era5_2023_06_20_1800_2023170N11323,0,15.0,258.548510976706,327.13982562374036,237.58296812791122,80.19898223928556,245.25150537695828
era5_2023_06_21_0000_2023170N11323,0,10.0,325.77422748785574,323.53725697874347,227.38613153008262,84.99300934216018,234.02069797086511
era5_2023_06_21_0600_2023170N11323,0,10.0,254.60491924216154,333.66917919658897,227.23920175856554,102.06949465950368,233.19177940187626
era5_2023_06_21_1200_2023170N11323,0,10.0,245.68142438761367,339.1598040548738,215.11983745569614,87.59465272780051,246.07385636329428
era5_2023_06_21_1800_2023170N11323,0,0.0,142.49574697241064,351.30880678871614,202.2192118522995,121.70829191815761,248.24560343760425
era5_2023_06_22_0000_2023170N11323,0,0.0,123.38085998290455,352.4791454407652,184.86522749887814,116.14912640844955,113.8743406602469
era5_2023_08_12_1200_2023225N14248,0,25.0,329.63456854653856,174.30126924591423,33.45535795236589,124.34806224809722,237.03907492501565
era5_2023_08_12_1800_2023225N14248,1,35.0,196.6503130858587,142.73584842959485,46.2482519789325,222.9007447544156,233.60159505981323
era5_2023_08_13_0000_2023225N14248,1,50.0,147.26451703232192,153.89040606367075,49.93982231511234,243.29923040554783,245.88410948950042
era5_2023_08_13_0600_2023225N14248,1,60.0,154.30701050704567,140.11829104031392,38.2413538527054,258.3262737693407,292.6688429885034
era5_2023_08_13_1200_2023225N14248,1,65.0,70.76082668519143,315.06475464364013,41.91259376188469,209.48867994603575,41.91259376188469
era5_2023_08_13_1800_2023225N14248,1,50.0,43.504100954295836,279.8691861377527,46.25352003395403,176.1267165698814,209.52764818356496
era5_2023_08_14_0000_2023225N14248,0,25.0,53.93280855123083,243.52265556812267,53.72195554253943,167.44973496064222,222.99254885655918
era5_2023_08_14_0600_2023225N14248,0,-5.0,91.46807836867133,204.29748594584396,55.33210832294435,27.103030354974692,274.17369269848507
era5_2023_08_14_1200_2023225N14248,0,-20.0,102.18558828847308,175.95685907268216,60.03547057132954,343.2395825961873,256.9423170283808
era5_2023_08_14_1800_2023225N14248,0,-25.0,106.69316178012768,196.432743474688,121.97657850845235,32.532963818416874,317.55711262309484
era5_2023_08_15_0000_2023225N14248,0,-25.0,113.55724532420837,185.42119861933986,185.5482761999159,310.1195871062644,316.6936343805637
era5_2023_08_15_0600_2023225N14248,0,-30.0,97.16143024323561,197.83149169615723,195.28717376733306,282.8139483693878,308.32894368080844
era5_2023_08_15_1200_2023225N14248,0,-40.0,99.68273262533751,183.5042299548588,180.68783356076716,277.87781316409877,57.258539627715095
era5_2023_08_15_1800_2023225N14248,0,-45.0,134.08565647962257,169.71316911197914,157.58588863851924,277.26980340682223,59.493510594462975
era5_2023_08_16_0000_2023225N14248,0,-45.0,169.26230079720548,208.51890041951347,134.36709400666535,263.09124348563387,69.04117146518661
era5_2023_08_16_0600_2023225N14248,0,-35.0,179.9441509656651,239.22008131888617,137.0985139684655,211.84366208596907,320.31327675812724
era5_2023_08_16_1200_2023225N14248,0,-20.0,177.62601378961824,210.1279045803594,135.1398817203193,212.38586873509274,77.70878502362297
era5_2023_08_16_1800_2023225N14248,0,-10.0,262.244978923941,243.87503989300654,145.91447207132546,280.05523702948733,41.65489238037094
era5_2023_08_17_0000_2023225N14248,0,-5.0,269.15056692207145,248.07467699986154,135.30171886532213,262.75640638140277,47.522806864461984
era5_2023_08_17_0600_2023225N14248,0,0.0,184.5369225557128,268.1743816735293,130.7029464396253,244.7982469482552,86.9366635482877
era5_2023_08_17_1200_2023225N14248,0,0.0,199.05068451763296,257.34285078562186,174.78476689334832,221.22846547704526,91.25205297954983
era5_2023_08_17_1800_2023225N14248,0,0.0,204.42274283695153,225.18299325473103,141.24896816687232,208.88881077154187,291.8121415253173
era5_2023_08_18_0000_2023225N14248,0,-5.0,183.15942407834535,245.06490144073643,135.25773214105277,239.77885825711434,299.8938601038101
era5_2023_08_27_1200_2023232N13300,1,45.0,48.345473665690044,290.2765643428553,221.17524049975697,248.12910230927395,340.9651035170183
era5_2023_08_27_1800_2023232N13300,1,45.0,49.216846889447325,217.80892395743308,343.50105821865037,220.59446313496366,98.68936090037602
era5_2023_08_28_0000_2023232N13300,1,45.0,4.997066871869077,89.98904072076652,239.61982236625403,215.78997806490943,110.90182886610978
era5_2023_08_28_0600_2023232N13300,0,20.0,65.52492449368269,31.872690746738442,232.81512835115706,205.62833505020535,167.8579587220695
era5_2023_08_28_1200_2023232N13300,0,-10.0,48.22569840100472,54.70761830676781,228.4336807938701,142.2066883545449,154.89855248918366
era5_2023_08_28_1800_2023232N13300,0,-15.0,67.52950739655047,60.255113914059734,224.26987784286476,145.4327295792391,60.4025638057106
era5_2023_08_29_0000_2023232N13300,0,-30.0,67.1648871457769,60.07480173627772,220.94010549562077,33.02731116604963,238.13103183682873
era5_2023_08_29_0600_2023232N13300,0,-25.0,0.0,,219.467660235152,89.87594528065722,241.57378726416238
era5_2023_08_29_1200_2023232N13300,0,-20.0,12.11138321283877,203.36236720823177,222.3187222693615,14.771941956764977,77.52075317490187
era5_2023_08_29_1800_2023232N13300,0,-20.0,68.65287988960033,75.75828561242304,236.05848961442948,338.5814775076762,200.36608850417076
era5_2023_08_30_0000_2023232N13300,0,-10.0,25.188635488616693,48.48135403109336,315.6697502018518,104.53448943582009,218.75514161775607
era5_2023_08_30_0600_2023232N13300,0,-10.0,45.30130354797405,68.27496581340506,316.3920164044899,344.47134765551624,234.24005319636984
era5_2023_08_30_1200_2023232N13300,0,-10.0,96.92881744075532,73.05924387612856,223.40749300487096,331.1025924054242,270.89114360433746
era5_2023_08_30_1800_2023232N13300,0,-10.0,177.3089111489768,45.989854370150965,149.17083615603588,79.31174726962956,272.9227520296888
era5_2023_08_31_0000_2023232N13300,0,-15.0,201.52746407511464,61.47738832286643,316.83983463624674,116.71229610664068,277.8333899529278
era5_2023_08_31_0600_2023232N13300,0,-15.0,121.32107222196247,59.40047467713998,308.03772708693464,133.03670663903927,276.2647266501332
era5_2023_08_31_1200_2023232N13300,0,-20.0,145.23598890191272,102.8341144074355,151.01659613716242,150.35225636899656,270.6053854807384
era5_2023_08_31_1800_2023232N13300,0,-10.0,195.88239892142224,107.59837008715448,138.72368130462985,162.86699802637747,265.8233340649995
era5_2023_09_01_0000_2023232N13300,0,-5.0,77.95342520557614,102.1027350448017,181.57302737751166,142.34976080865863,262.12835451651273
era5_2023_09_01_0600_2023232N13300,0,0.0,256.63565072173907,292.4381170988204,162.0563104940221,137.1511936253121,135.35237248809614
era5_2023_09_01_0600_2023242N15339,0,10.0,130.725783611204,148.17515776548828,208.10914768854803,17.90995182910359,16.75690748032872
era5_2023_09_01_1200_2023232N13300,0,0.0,397.9442111782938,296.9560371470814,186.58837670728235,16.560396713974512,229.7519281418723
era5_2023_09_01_1200_2023242N15339,0,15.0,69.12671945853592,326.27754412947843,175.51174181840133,355.48972268659406,9.278519477473424
era5_2023_09_01_1800_2023232N13300,0,-5.0,300.40735319320277,290.12270572292994,140.7318321604222,33.39465298049572,224.37341987783276
era5_2023_09_01_1800_2023242N15339,0,20.0,177.76490394698186,321.0534257017133,163.92688658380303,355.68442367509715,93.55836953295147
era5_2023_09_02_0000_2023232N13300,0,-5.0,254.554317339452,294.0292107507979,154.84477349309827,43.061263721871114,207.0368031260263
era5_2023_09_02_0000_2023242N15339,0,10.0,238.9122202758362,336.42662576578016,165.16601573913886,343.88063044984233,76.94935578842683
era5_2023_09_02_0600_2023232N13300,0,-10.0,288.5676019230765,272.24056300341715,189.2467004397716,24.38576059115462,210.30094812465498
era5_2023_09_02_0600_2023242N15339,0,0.0,246.42218596067272,335.70071922302765,171.39401696919504,348.65111779008646,81.27893804842506
era5_2023_09_02_1200_2023232N13300,0,-10.0,228.78201982920703,166.20353080511916,176.21153797709576,33.41604012844965,197.32765288996293
era5_2023_09_02_1200_2023242N15339,0,-10.0,358.2219542327533,328.9881553990051,207.5277237139286,324.22726542264655,294.57524287274833
era5_2023_09_02_1800_2023232N13300,0,-10.0,287.64145934194005,189.88929186916354,189.97936984620955,43.39485276353207,194.37322784556264
era5_2023_09_02_1800_2023242N15339,0,-15.0,447.5552313982684,330.8858070787721,216.65439645198313,314.66309891856105,154.29460068569415
era5_2023_09_03_0000_2023232N13300,0,-15.0,313.86762742463856,187.4464972981727,212.5874362696919,33.77771846319723,180.0
era5_2023_09_03_0000_2023242N15339,0,-15.0,321.74113125389744,317.030532256568,193.91393960554788,324.74821327737993,75.0377776491751
era5_2023_09_03_0600_2023232N13300,0,-15.0,338.2909991756905,198.06375778974066,196.1732078631039,30.789321309784214,178.16000696108745
era5_2023_09_03_0600_2023242N15339,0,-10.0,300.5063722540658,347.15726953736174,308.8458644973914,1.1623697255593015,122.42268535926905
era5_2023_09_03_1200_2023232N13300,0,-15.0,294.7760973908786,260.5176340631612,215.9058702360805,19.01632256966724,167.2285359020184
era5_2023_09_03_1200_2023242N15339,0,-5.0,294.88616431385947,340.7372685884642,305.6934546303345,26.844381212446876,130.29038426319903
era5_2023_09_03_1800_2023232N13300,0,-15.0,356.8444906470906,184.46377740282168,169.83068359767435,17.825863880709676,152.46036479902386
era5_2023_09_03_1800_2023242N15339,0,-5.0,266.1360659112847,331.6307286035182,305.90924164194314,323.8218056657528,127.44973187160423
era5_2023_09_04_0000_2023232N13300,0,-10.0,387.8630483014461,209.9323264088573,194.5756818119889,327.66509174057563,74.2732828512535
era5_2023_09_04_0000_2023242N15339,0,-5.0,231.27346858643673,341.1877693628393,224.7038520823624,322.36712261505465,140.28421423211933
era5_2023_09_04_0600_2023232N13300,0,-5.0,459.4719406917748,213.26864443167173,204.34359926825204,323.7372445942966,59.55496677246833
era5_2023_09_04_0600_2023242N15339,0,-5.0,270.6595930973389,329.95396785419166,224.72992489556657,300.57944380920685,146.1489603330606
era5_2023_09_04_1200_2023232N13300,0,0.0,472.008311865627,213.1641801863106,213.1221383761495,318.45645001566135,22.35758594197989
era5_2023_09_04_1200_2023242N15339,0,-5.0,226.3454157629466,325.93110471781324,224.59220944753045,293.50562083436006,156.34244955472286
era5_2023_09_04_1800_2023232N13300,0,0.0,469.8015705054026,216.50838005565222,217.2353220496998,317.01487516579647,15.706640668007594
era5_2023_09_04_1800_2023242N15339,0,-5.0,186.49407979523446,323.8709394981719,224.52969269238824,330.37299162336467,158.44354700323038
era5_2023_09_05_0000_2023232N13300,0,-5.0,475.9852792511559,222.0000813471712,223.112809555977,291.5939793841233,32.73940070104197
era5_2023_09_05_0000_2023242N15339,0,0.0,229.51578661192394,328.27458084196434,224.61309160519357,35.853283546415014,166.12864332296817
era5_2023_09_05_0600_2023232N13300,0,-15.0,422.64264012592974,222.63034553625488,217.28806161425203,9.77391885708397,337.17269398087535
era5_2023_09_05_0600_2023242N15339,0,0.0,182.86408517728736,322.50662827109545,224.26987784286476,299.3018731138825,181.6783561419113
era5_2023_09_05_1200_2023242N15339,0,0.0,154.01602456338114,313.5789555127385,223.65859958161042,293.2272601698,181.6434885016008
era5_2023_09_05_1800_2023242N15339,0,0.0,170.10076823977963,297.6013173001537,224.55424447760228,301.33071201423525,158.99260809905365
era5_2023_09_06_0000_2023242N15339,0,5.0,242.0912306749591,313.97619382451825,220.17438598711468,52.84633625724672,159.14620562920663
era5_2023_09_06_0600_2023242N15339,0,5.0,265.7128255872242,323.0540255874022,223.50757599166795,61.624494047723886,178.31780676480412
era5_2023_09_06_1200_2023242N15339,0,0.0,128.759053132819,275.25358045266563,225.62625426561493,310.44703953697115,347.8657810120481
era5_2023_09_06_1800_2023242N15339,0,0.0,220.78731332802988,279.18571267829304,224.8637457177188,23.169029858148463,115.77412892827158
era5_2023_09_07_0000_2023242N15339,0,-5.0,270.97829577484794,276.48147315725646,201.57034415161104,320.1317877372536,247.03325665587545
era5_2023_09_07_0600_2023242N15339,0,-5.0,215.9603489890611,288.43722296089305,199.5602504847524,303.4306628608854,124.08709458451301
era5_2023_09_07_1200_2023242N15339,0,0.0,187.05544270297133,284.1318079206958,206.45292483445613,310.00897335483285,225.06533522824836
era5_2023_09_07_1800_2023242N15339,0,0.0,214.38446924322093,293.292371373298,197.84336199427415,139.1031342426307,212.4704473944873
era5_2023_09_08_0000_2023242N15339,0,0.0,160.0332275609807,292.75457490537576,217.01764957530412,135.45648043356937,204.02651508741766
era5_2023_09_08_0600_2023242N15339,0,0.0,66.36481651586175,202.89622588940375,185.68091906040763,133.11604498555135,205.31417001628407
era5_2023_09_08_1200_2023242N15339,0,0.0,104.16680762947534,122.10341091304383,170.26148494781296,136.876837162725,198.44619763297933
era5_2023_09_08_1800_2023242N15339,0,0.0,124.99619211558877,332.91897787136566,143.385517390509,101.9465897773502,166.30804251011682
era5_2023_09_09_0000_2023242N15339,0,-5.0,247.90448436294352,318.01396503952714,147.6997371023166,83.99107481681779,131.19470945144087
era5_2023_09_09_0600_2023242N15339,0,-5.0,353.50273588234376,12.6858219440482,154.7432212759129,66.7986802183076,136.43378697495427
era5_2023_09_09_1200_2023242N15339,0,-5.0,379.86440795769306,22.54558754525749,224.6448139859928,45.773146635245894,269.38843797572076
era5_2023_09_09_1800_2023242N15339,0,-5.0,496.5168988870662,27.457144818798497,217.97213536936422,45.8939815481782,265.835647456458
era5_2023_09_10_0000_2023242N15339,0,0.0,308.51126735642976,309.42532263265406,218.18238334013986,41.286588771074776,38.77928514597079
era5_2023_09_10_0600_2023242N15339,0,0.0,358.362247379121,305.41031337352854,200.33694164095428,40.83482345481599,42.362021853752424
era5_2023_09_10_1200_2023242N15339,0,0.0,370.6801612171154,302.06084555497324,196.7517990850213,136.41093142620548,306.9278108156849
era5_2023_09_10_1800_2023242N15339,0,0.0,174.10276136671112,146.01531173301998,192.73821459841812,136.06090045252762,132.93074592344118
era5_2023_09_11_0000_2023242N15339,0,0.0,193.23754749660716,311.6074558001803,203.17066391357602,134.8361637413053,114.35854730856983
era5_2023_09_11_0600_2023242N15339,0,0.0,294.55755533870297,160.58374242424816,198.40232047817005,135.74252934403165,125.10154802041518
era5_2023_09_11_1200_2023242N15339,0,0.0,295.16286727176816,143.901982751152,196.5567550149653,169.77345514125068,146.56082937465953
era5_2023_09_11_1800_2023242N15339,0,-5.0,307.1400246473683,163.52133306264113,194.293004353225,176.35766775689626,134.2040549344557
era5_2023_09_12_0000_2023242N15339,0,-5.0,211.3395386743533,178.5280070161283,212.7392309641057,182.71756299991006,88.16904177532604
era5_2023_09_12_0600_2023242N15339,0,-5.0,352.4446179146962,161.0484759321712,212.12119691730194,149.73773475139893,138.0152943382895
era5_2023_09_12_1200_2023242N15339,0,-5.0,289.9155938466041,175.69544700289805,212.4664011745049,141.03973180460594,105.91014467933854
era5_2023_09_12_1800_2023242N15339,0,0.0,362.71837040779,191.26604792025253,211.40214353843686,156.1871875367258,100.82102608136773
era5_2023_09_13_0000_2023242N15339,0,0.0,200.51157316066423,203.8848840721787,207.97030760979314,127.75724574042323,117.36309463114446
era5_2023_09_13_0600_2023242N15339,0,0.0,541.6096639152601,212.99679837200654,208.8160680364348,23.945196717802787,132.30489179290305
era5_2023_09_13_1200_2023242N15339,0,0.0,276.93435501331635,154.47584611200523,211.11485062777257,134.54821689077244,184.7701517442936
era5_2023_09_13_1800_2023242N15339,0,0.0,125.20350837902492,125.13852804623201,210.75997759339253,134.85291484636326,205.65022275674954
era5_2023_09_14_0000_2023242N15339,0,0.0,322.3017381273791,68.39824050608087,213.98457167818083,134.52875465240766,242.18515557868997
era5_2023_09_14_0600_2023242N15339,0,0.0,485.00892194835006,133.0748136593876,214.9195694266024,135.12209517086148,233.0242864549387
era5_2023_09_14_1200_2023242N15339,0,0.0,402.45148265739135,144.34742956220452,213.03836496806161,35.94444675791112,257.0004466190229
era5_2023_09_23_0600_2023266N16323,0,15.0,195.24795854628647,355.31968170365326,145.12111968639488,66.52342238592593,279.1626163421895
era5_2023_09_23_1200_2023266N16323,0,15.0,224.41392017246702,340.392392754978,135.54858920987397,84.78432708164053,13.574262520433876
era5_2023_09_23_1800_2023266N16323,0,10.0,211.16998613294345,348.4096398704245,226.37111414441375,59.87623254596065,27.350315777355547
era5_2023_09_24_0000_2023266N16323,0,5.0,208.92440084435438,341.7291016236388,227.18294572842765,30.419882176209626,96.128497409553
era5_2023_09_24_0600_2023266N16323,0,5.0,171.0754296330633,330.17822404876006,222.3966235105492,355.2954279384533,233.8389216407862
era5_2023_09_24_1200_2023266N16323,0,5.0,147.50746954635818,312.86547337680383,217.5030075899751,308.9606338564415,97.97492819436752
era5_2023_09_24_1800_2023266N16323,0,0.0,166.24521616346536,320.42704081015125,217.33495655129994,36.27736648728171,129.3344471237611
era5_2023_09_25_0000_2023266N16323,0,0.0,220.7242781766877,323.89485500460614,226.69966058020464,118.46612343277695,130.9660458593438
era5_2023_09_25_0600_2023266N16323,0,-5.0,176.22467197869892,327.41258196618867,226.0800233822822,61.11061667216262,132.65663519544307
era5_2023_09_25_1200_2023266N16323,0,-10.0,286.56099262423913,329.5440545493511,222.13760633955638,126.04710379923637,128.1878022591868
era5_2023_09_25_1800_2023266N16323,0,-5.0,275.9917195676629,345.3286174333206,210.57195271921208,54.50311662524598,125.0530307433803
era5_2023_09_26_0000_2023266N16323,0,-5.0,177.99025511925322,1.6926651990032724,206.0546133356871,106.12990595846486,134.2508332472981
era5_2023_09_26_0600_2023266N16323,0,-5.0,189.0235550882206,7.982017566813113,192.06264553764237,104.44057793057465,136.15102649016046
era5_2023_09_26_1200_2023266N16323,0,5.0,219.99711024130667,14.276635344540807,225.56241970695828,94.04195637405019,118.74353111080075
era5_2023_09_26_1800_2023266N16323,0,5.0,280.36415067539036,11.869673977814898,227.21325052144002,31.87911972521556,118.56948756206634
era5_2023_09_27_0000_2023266N16323,0,0.0,285.1165283827258,5.970795263395701,226.2712786447155,71.28974453927043,112.3233606330113
era5_2023_09_27_0600_2023266N16323,0,0.0,296.1033081521639,17.814719759296338,224.11020586372902,47.45822110386803,117.13271890764383
era5_2023_09_27_1200_2023266N16323,0,-5.0,283.6694533182488,16.068153417085398,228.97902178970705,44.5576071548748,118.51325706216892
era5_2023_09_27_1800_2023266N16323,0,-5.0,250.18096217340337,17.030889037357156,238.1499756809103,45.59030980252771,109.30189500022334
era5_2023_09_28_0000_2023266N16323,0,0.0,197.54334033153458,14.837554906010894,211.6914249922671,55.26539071155901,108.0249728320631
era5_2023_09_28_0600_2023266N16323,0,0.0,224.24077680632524,4.446949024008404,218.39676591621358,330.04703784063315,107.80466393474495
era5_2023_09_28_1200_2023266N16323,0,5.0,246.97471764917276,349.4861224991069,216.82734118136102,316.8240662026617,102.35682549916123
era5_2023_09_28_1800_2023266N16323,0,5.0,47.181476121324806,225.05742683183118,216.00319483740384,284.6441587294778,102.54278492831406
era5_2023_09_29_0000_2023266N16323,0,5.0,147.45442617739403,353.2046311232112,211.31284135089896,276.1265986523646,100.72231384621489
era5_2023_09_29_0600_2023266N16323,0,5.0,111.39354871518562,242.38031105267868,209.0430079503461,66.52510965932652,352.34336892733353
era5_2023_09_29_1200_2023266N16323,0,0.0,216.95949215609204,200.12347178793823,206.33409619718483,127.35757107411888,75.99322875787823
era5_2023_09_29_1800_2023266N16323,0,5.0,175.96116751649623,171.8725572840766,199.69728042153017,116.04667576322674,86.60759579113005
era5_2023_09_30_0000_2023266N16323,0,5.0,160.0632421465828,169.75305207555402,200.95622340506372,120.88396234957935,87.62755488514523
era5_2023_09_30_0600_2023266N16323,0,5.0,191.7221210059127,170.3464415053952,202.78072989964662,133.21974735872652,60.17217702957868
era5_2023_10_05_1200_2023266N16323,0,0.0,183.19694610754524,97.17898319617854,229.95282196865043,105.55431748021903,193.4521184958395
era5_2023_10_18_1800_2023292N13309,0,15.0,140.63460829152046,35.128684806904516,141.63047103119516,147.9973967908138,239.3239107631176
era5_2023_10_19_0000_2023292N13309,0,15.0,175.0146565317703,50.410327534338364,204.9994395696941,135.6597231858085,230.41332426332394
era5_2023_10_19_0600_2023292N13309,0,5.0,216.63006879347552,92.22037969261578,186.16107749567732,166.74847076477784,225.94906229213504
era5_2023_10_19_1200_2023292N13309,0,10.0,158.27163766117525,117.0235961523054,170.3369834650273,137.31206090683048,226.75389809453142
era5_2023_10_24_1200_2023292N13309,1,30.0,144.05087754433595,279.1641348008194,221.305650606988,106.3588662817707,165.63640918867736
era5_2023_10_24_1800_2023292N13309,0,20.0,289.43636988047325,308.8646339550702,226.0094166756746,82.50473598560745,165.70207994966302
era5_2023_10_25_0000_2023292N13309,0,5.0,362.96760139964863,303.06367018127116,228.68193907968254,48.77109913365956,165.13473396678978
era5_2023_10_25_0600_2023292N13309,0,-10.0,360.21622386440134,301.28850226146335,231.63689420142745,26.85462550856215,169.59837703025403
era5_2023_10_25_1200_2023292N13309,0,-25.0,322.85677539841316,299.4629270657064,186.58656590281126,12.106478298026616,172.4999261524639
era5_2023_10_25_1800_2023292N13309,0,-20.0,263.68608694250065,327.84036269614995,190.4686852522302,12.936172794238132,158.21394277760896
era5_2023_10_26_0000_2023292N13309,0,-20.0,263.2018617566961,292.9639477357857,177.4855982378482,52.399032753521624,120.23722109073594
era5_2023_10_26_0600_2023292N13309,0,-20.0,278.3179792595243,283.4093019790411,220.22119732000837,24.105459293736374,127.2451963701235
era5_2023_10_26_1200_2023292N13309,0,-15.0,256.6452055528223,303.3716640056816,196.090293530848,291.37309044027506,112.21434185546485
era5_2023_10_26_1800_2023292N13309,0,-10.0,321.6583320034102,275.8265670902118,147.15957716577412,241.82717368104923,115.35619062962945
era5_2023_10_27_0000_2023292N13309,0,-10.0,377.5854581840519,266.8127570615376,182.33562201032927,309.55409435717297,119.31904870006417
era5_2023_10_27_0600_2023292N13309,0,-10.0,347.08726046923556,265.4447996098435,173.63562158874868,241.00620203972446,131.14520210443084
era5_2023_10_27_1200_2023292N13309,0,-10.0,355.1724675973497,266.5031819761118,169.37873710827887,243.7440249445226,142.67503085383828
era5_2023_10_27_1800_2023292N13309,0,-15.0,351.0197438016185,260.94270924493355,166.12398567849266,27.147760084224444,159.71468118608163
era5_2023_10_28_0000_2023292N13309,0,-15.0,384.3961381009491,248.01506973682265,164.6485797481887,41.95507213836032,253.6867908281988
era5_2023_10_28_0600_2023292N13309,0,-10.0,419.12651532483613,245.1151482897219,171.90100756142942,42.37902596193305,244.49195507511922
era5_2023_10_28_1200_2023292N13309,0,-10.0,340.93416791388574,254.85621146435807,187.76977909969975,48.831363022500284,259.93955520441193
era5_2023_10_28_1800_2023292N13309,0,-5.0,189.1554741696008,260.3905623769016,202.49752298437778,63.851947490748785,191.38830611502186
era5_2023_10_29_0000_2023292N13309,0,-5.0,234.89818725023545,165.86876236301373,146.17364215607063,61.00919498398872,203.1179653110864
era5_2023_10_29_0600_2023292N13309,0,-5.0,305.8292637213486,160.68715234019623,144.9149755155039,61.79933024567288,212.8322376309879
era5_2023_10_29_1200_2023292N13309,0,-5.0,284.55606843060616,175.10881762051326,174.690154535298,62.865828418218825,202.99671682265324
era5_2023_10_29_1800_2023292N13309,0,-10.0,294.82515052101246,181.90458298443943,197.20179349496402,127.02359659866318,262.97374542608156
era5_2023_10_30_0000_2023292N13309,0,-5.0,234.3107582669821,208.88511639814502,223.09515019629396,109.44869236622901,269.8657819747419
era5_2023_10_30_0600_2023292N13309,0,-5.0,184.5295684079323,233.29954746699156,224.5116565741005,152.13476923441453,270.7755435854091
era5_2023_10_30_1200_2023292N13309,0,-10.0,199.43031358337555,262.4481653842713,216.37077016854192,186.96458678110332,270.51951971900047
era5_2023_10_30_1800_2023292N13309,0,-5.0,275.7464058754573,288.19958091948763,222.754274508768,185.2834355281279,257.45545813577223
